HH1,HH2,LN,MWM1,MWM2,MWM4,MWM5,MWM6D,MWM6M,MWM6Y,MWM7,MWM8,MWM9,MWM10H,MWM10M,MWM11H,MWM11M,MWB1M,MWB1Y,MWB2,MWB3,MWB4,MWB5,MMT2,MMT3,MMT4,MMT6,MMT7,MMT8,MMT9,MMT10,MMT11,MMT12,MMT13,MMT14,MCM1,MCM3,MCM4,MCM5A,MCM5B,MCM6,MCM7A,MCM7B,MCM8,MCM9A,MCM9B,MCM10,MCM11A,MCM11B,MCM12M,MCM12Y,MDV1A,MDV1B,MDV1C,MDV1D,MDV1E,MDV1F,MMA1,MMA3,MMA4,MMA5,MMA6,MMA8M,MMA8Y,MMA9,MSB1,MSB2,MSB3U,MSB3N,MSB4,MSB5,MSB8,MSB9,MSB10,MSB13,MSB14,MSB15,MHA1,MHA2,MHA3,MHA4,MHA5,MHA6,MHA7,MHA8A,MHA8B,MHA8C,MHA9,MHA10,MHA11,MHA12,MHA24,MHA25,MHA26,MMC1,MMC2,MMC3,MMC4,MTA1,MTA2,MTA3,MTA4,MTA5,MTA6,MTA7,MTA8A,MTA8B,MTA8C,MTA8D,MTA8E,MTA8X,MTA9,MTA10,MTA11,MTA12A,MTA12B,MTA12C,MTA12X,MTA13,MTA14,MTA15,MTA16,MTA17,TNLN,TN4,TN5,TN6,TN8,TN9,TN10,TN11,TN12_1,TN12_2,TN12_3,TN12_4,HH6,HH7,MWDOI,MWDOB,MWAGE,MWDOM,MWAGEM,MWDOBLC,MMSTATUS,MCEB,MCSURV,MCDEAD,mwelevel,mnweight,wscore,windex5,wscoreu,windex5u,wscorer,windex5r
1,17,1,1,17,1,14,7,4,2014,Completed,2,20,17,59,18,7,5,1984,29,Yes,Higher,31,Almost every day,At least once a week,Less than once a week,Yes,Yes,Almost every day,Yes,Yes,Almost every day,Yes,Yes,Almost every day,No,,,,,,,,No,,,0,,,,,No,No,No,No,No,No,"Yes, currently married",No (Only one),,,,9,2013,,20,Yes,Days ago,0,No,Wife,No,,,,,5,Yes,Yes,No,Yes,No,No,Yes,DK,Yes,DK,Yes,Yes,No,Yes,Yes,Less than 12 months ago,Yes,No,,,,No,,,,,No,,,,,,,,,No,,,,,,,Yes,16,0,,,,,,,,,,,,,,Urban,Bulawayo,1372,1013,25-29,1365,29,,Currently married/in union,0,0,0,Higher,0.403797142,1.603670102,5,1.272551842,5,,
1,20,1,1,20,1,14,7,4,2014,Completed,2,20,17,32,17,42,5,1976,37,Yes,Higher,31,At least once a week,Not at all,Almost every day,Yes,Yes,Almost every day,Yes,Yes,Almost every day,Yes,Yes,Almost every day,No,,,,,,,,No,,,0,,,,,No,No,No,No,No,No,"Yes, currently married",No (Only one),,,,2,2014,,37,No,Days ago,0,No,Wife,No,,,,,1,Yes,Yes,No,Yes,No,No,Yes,No,Yes,Yes,Yes,Yes,Yes,No,Yes,Less than 12 months ago,Yes,No,,,,No,,,,,No,,,,,,,,,No,,,,,,,No,,,,,,,,,,,,,,,,Urban,Bulawayo,1372,917,35-39,1370,37,,Currently married/in union,0,0,0,Higher,0.403797142,1.543277026,5,1.08902632,5,,
2,1,1,2,1,1,9,8,4,2014,Completed,1,40,10,37,10,52,2,1973,41,Yes,Primary,17,Not at all,Almost every day,Less than once a week,No,,,No,,,Yes,Yes,Almost every day,Yes,21,Yes,1,1,Yes,1,0,No,,,3,No,2,5,2012,No,No,No,No,No,No,"Yes, currently married",No (Only one),,,,8,1991,,20,No,Days ago,0,Yes,Wife,No,,,,,5,Yes,Yes,No,Yes,No,No,Yes,No,Yes,No,Yes,Yes,No,Yes,Yes,2 or more years ago,Yes,No,,,,Yes,18,Yes,10,30,Yes,Yes,,,,,Rolled tobacco,,7,No,,,,,,,Yes,19,8,2,,,,,,,,,,,,,Urban,Bulawayo,1372,878,40-44,1100,18,,Currently married/in union,3,3,0,Primary,1.031926029,0.878635264,4,-0.930720561,1,,
2,1,5,2,1,5,9,12,4,2014,Not at home,1,40,,,,,,,,,,,,,,,,,,,,,,,,,,,,,,,,,,,,,,,,,,,,,,,,,,,,,,,,,,,,,,,,,,,,,,,,,,,,,,,,,,,,,,,,,,,,,,,,,,,,,,,,,,,,,,,,,,,,,,,,,,,Urban,Bulawayo,1372,,,,,,,,,,,0,0,0,0,0,0,0
2,1,8,2,1,8,9,8,4,2014,Completed,1,40,10,53,11,10,2,1993,21,Yes,Secondary,24,Less than once a week,At least once a week,Less than once a week,No,,,No,,,Yes,Yes,Almost every day,No,,,,,,,,No,,,0,,,,,No,No,No,No,No,No,"No, not in union",,,No,,,,,19,Yes,Months ago,7,Yes,Girlfriend,No,,,,,3,Yes,Yes,No,Yes,No,No,Yes,Yes,Yes,Yes,Yes,Yes,No,Yes,Yes,12-23 months ago,Yes,No,,,,No,,,,,No,,,,,,,,,No,,,,,,,Yes,20,10,2,,,,,,,,,,,,,Urban,Bulawayo,1372,1118,20-24,,,,Never married/in union,0,0,0,Secondary,1.031926029,0.878635264,4,-0.930720561,1,,
2,5,1,2,5,1,9,8,4,2014,Not at home,1,40,,,,,,,,,,,,,,,,,,,,,,,,,,,,,,,,,,,,,,,,,,,,,,,,,,,,,,,,,,,,,,,,,,,,,,,,,,,,,,,,,,,,,,,,,,,,,,,,,,,,,,,,,,,,,,,,,,,,,,,,,,,Urban,Bulawayo,1372,,,,,,,,,,,0,0,0,0,0,0,0
2,7,1,2,7,1,9,12,4,2014,Completed,1,40,15,42,16,0,5,1987,26,Yes,Primary,16,,Almost every day,Not at all,No,,,No,,,Yes,Yes,Almost every day,Yes,23,Yes,1,0,No,,,No,,,1,Yes,,12,2011,No,No,No,No,No,No,"Yes, currently married",No (Only one),,,,1,2011,,20,Yes,Days ago,2,No,Wife,No,,,,,5,Yes,Yes,No,Yes,No,No,Yes,Yes,Yes,Yes,Yes,Yes,Yes,Yes,Yes,Less than 12 months ago,Yes,Yes,13,Traditional practitioner/family/friend,Circumcision done at home,Yes,21,No,,,No,,,,,,,,,No,,,,,,,Yes,18,0,,,,,,,,,,,,,,Urban,Bulawayo,1372,1049,25-29,1333,23,,Currently married/in union,1,1,0,Primary,1.031926029,0.594823182,4,-1.793183017,1,,
2,10,1,2,10,1,6,12,4,2014,Completed,1,40,12,37,12,54,5,1990,23,Yes,Higher,0,Almost every day,Almost every day,At least once a week,Yes,Yes,Almost every day,Yes,Yes,Almost every day,Yes,Yes,Almost every day,No,,,,,,,,No,,,0,,,,,Yes,No,Yes,No,No,No,"No, not in union",,,No,,,,,17,No,Days ago,1,Yes,Girlfriend,No,,,,,10,Yes,Yes,No,Yes,No,No,Yes,No,Yes,Yes,Yes,Yes,No,Yes,Yes,Less than 12 months ago,Yes,No,,,,Yes,16,No,,,No,,,,,,,,,No,,,,,,,Yes,15,0,,,,,,,,,,,,,,Urban,Bulawayo,1372,1085,20-24,,,,Never married/in union,0,0,0,Higher,1.031926029,1.324644872,5,0.424635912,4,,
2,11,1,2,11,1,12,7,4,2014,Completed,1,40,10,19,10,32,9,1982,31,Yes,Secondary,24,Less than once a week,At least once a week,At least once a week,Yes,Yes,Not at all,Yes,Yes,At least once a week,Yes,Yes,Not at all,Yes,27,No,,,Yes,1,0,No,,,1,Yes,,9,2010,No,No,No,No,No,Yes,"Yes, currently married",No (Only one),,,,1,2009,,22,Yes,Days ago,0,No,Wife,No,,,,,5,Yes,Yes,No,Yes,No,No,Yes,Yes,DK,DK,Yes,Yes,No,Yes,Yes,Less than 12 months ago,Yes,No,,,,Yes,25,Yes,4,10,Yes,Yes,,,,,Rolled tobacco,,7,No,,,,,,,Yes,21,30,4,1,Observed,Olyset,1,,,,Yes,1,2,3,90,Urban,Bulawayo,1372,993,30-34,1309,26,,Currently married/in union,1,1,0,Secondary,1.031926029,0.541829649,4,-1.954222435,1,,
2,13,1,2,13,1,12,7,4,2014,Completed,1,40,18,13,18,20,1,1990,24,Yes,Primary,15,Not at all,Almost every day,Less than once a week,No,,,No,,,Yes,Yes,Almost every day,No,,,,,,,,No,,,0,,,,,No,No,No,No,No,No,"No, not in union",,,No,,,,,0,,,,,,,,,,,,Yes,Yes,No,Yes,Yes,DK,Yes,DK,Yes,DK,No,No,Yes,Yes,No,,,No,,,,No,,,,,No,,,,,,,,,No,,,,,,,No,,,,,,,,,,,,,,,,Urban,Bulawayo,1372,1081,20-24,,,,Never married/in union,0,0,0,Primary,1.031926029,0.926726962,4,-0.784577086,1,,
2,14,2,2,14,2,12,13,4,2014,Completed,1,40,8,18,8,31,1,1978,36,Yes,Secondary,24,Almost every day,At least once a week,Almost every day,Yes,Yes,Almost every day,Yes,Yes,Almost every day,Yes,Yes,Almost every day,Yes,28,Yes,1,0,Yes,1,0,No,,,2,No,2,12,2012,No,No,No,No,No,No,"No, not in union",,,"Yes, formerly married",Separated,98,2006,,18,Yes,Weeks ago,2,Yes,Girlfriend,No,,,,,12,Yes,Yes,No,Yes,No,No,Yes,No,Yes,No,Yes,Yes,No,Yes,Yes,Less than 12 months ago,Yes,No,,,,Yes,21,Yes,10,30,No,,,,,,,,,No,,,,,,,Yes,21,10,5,,,,,,,,,,,,,Urban,Bulawayo,1372,937,35-39,1279,28,,Formerly married/in union,2,2,0,Secondary,1.031926029,1.535549059,5,1.065542183,5,,
2,14,3,2,14,3,12,15,4,2014,Completed,1,40,9,13,9,21,6,1989,24,Yes,Higher,0,Almost every day,At least once a week,Almost every day,Yes,Yes,Almost every day,Yes,Yes,Almost every day,Yes,Yes,Almost every day,DK,,,,,,,,No,,,0,,,,,No,No,No,No,No,No,"No, not in union",,,No,,,,,22,Yes,Months ago,1,Yes,Girlfriend,No,,,,,3,Yes,Yes,No,Yes,No,No,Yes,Yes,Yes,No,Yes,Yes,Yes,Yes,Yes,Less than 12 months ago,Yes,No,,,,Yes,0,,,,No,,,,,,,,,No,,,,,,,Yes,24,4,6,,,,,,,,,,,,,Urban,Bulawayo,1372,1074,20-24,,,,Never married/in union,0,0,0,Higher,1.031926029,1.535549059,5,1.065542183,5,,
2,14,5,2,14,5,12,7,4,2014,Completed,1,40,13,32,13,41,1,1995,19,Yes,Secondary,24,Less than once a week,At least once a week,Almost every day,Yes,Yes,Almost every day,Yes,Yes,Almost every day,Yes,Yes,Almost every day,No,,,,,,,,No,,,0,,,,,No,No,No,No,No,No,"No, not in union",,,No,,,,,18,Yes,Months ago,2,Yes,Girlfriend,No,,,,,1,Yes,Yes,No,Yes,No,No,Yes,Yes,Yes,Yes,Yes,Yes,Yes,Yes,Yes,Less than 12 months ago,Yes,No,,,,No,,,,,No,,,,,,,,,No,,,,,,,No,,,,,,,,,,,,,,,,Urban,Bulawayo,1372,1141,15-19,,,,Never married/in union,0,0,0,Secondary,1.031926029,1.535549059,5,1.065542183,5,,
2,17,1,2,17,1,10,13,4,2014,Completed,1,40,12,24,12,37,8,1976,37,Yes,Secondary,24,At least once a week,Almost every day,At least once a week,No,,,No,,,Yes,Yes,Almost every day,Yes,25,Yes,1,1,Yes,2,0,No,,,4,No,2,2,2010,No,No,No,No,No,Yes,"Yes, currently married",No (Only one),,,,11,1999,,24,No,Days ago,3,No,Wife,No,,,,,15,Yes,Yes,No,Yes,Yes,Yes,Yes,Yes,Yes,Yes,Yes,Yes,No,Yes,Yes,Less than 12 months ago,Yes,No,,,,Yes,34,Yes,4,30,Yes,No,,,,,,,,No,,,,,,,Yes,25,0,,,,,,,,,,,,,,Urban,Bulawayo,1372,920,35-39,1199,23,,Currently married/in union,4,4,0,Secondary,1.031926029,0.961362752,4,-0.679324102,2,,
2,19,1,2,19,1,10,13,4,2014,Completed,1,40,8,30,8,41,9,1961,52,Yes,Secondary,24,Almost every day,Almost every day,Less than once a week,No,,,No,,,Yes,Yes,Almost every day,Yes,30,Yes,1,2,No,,,No,,,3,Yes,,5,2001,No,No,No,No,No,No,"Yes, currently married",No (Only one),,,,2,1990,,19,No,Days ago,4,Yes,Wife,No,,,,,2,Yes,Yes,DK,Yes,No,No,Yes,Yes,Yes,Yes,Yes,Yes,No,Yes,Yes,Less than 12 months ago,Yes,No,,,,Yes,22,Yes,12,30,No,,,,,,,,,No,,,,,,,Yes,19,30,4,,,,,,,,,,,,,Urban,Bulawayo,1372,741,50-54,1082,28,,Currently married/in union,3,3,0,Secondary,1.031926029,1.505255896,5,0.973485793,5,,
2,20,1,2,20,1,10,12,4,2014,Completed,1,40,15,14,15,38,11,1961,52,Yes,Secondary,22,At least once a week,At least once a week,Almost every day,No,,,No,,,Yes,Yes,Almost every day,Yes,25,Yes,0,1,Yes,1,2,No,,,4,No,2,4,2013,No,No,No,No,No,No,"Yes, currently married",No (Only one),,,,5,1981,,14,No,Days ago,4,No,Wife,No,,,,,6,Yes,Yes,No,Yes,Yes,No,Yes,No,Yes,Yes,No,Yes,No,Yes,No,,,No,,,,Yes,12,Yes,5,30,Yes,Yes,,,,,Rolled tobacco,,10,No,,,,,,,No,,,,,,,,,,,,,,,,Urban,Bulawayo,1372,743,50-54,977,19,,Currently married/in union,4,4,0,Secondary,1.031926029,0.837470734,4,-1.055813408,1,,
2,22,1,2,22,1,8,12,4,2014,Completed,1,40,11,51,12,5,10,1988,25,Yes,Primary,17,,Less than once a week,Less than once a week,No,,,No,,,Yes,Yes,Less than once a week,Yes,21,Yes,2,0,No,,,No,,,2,Yes,,4,2013,No,No,No,No,No,No,"Yes, currently married",No (Only one),,,,98,2010,,20,Yes,Days ago,1,No,Wife,No,,,,,1,Yes,Yes,No,No,No,Yes,Yes,No,Yes,No,Yes,No,Yes,Yes,No,,,No,,,,No,,,,,No,,,,,,,,,No,,,,,,,No,,,,,,,,,,,,,,,,Urban,Bulawayo,1372,1066,25-29,1326,21,,Currently married/in union,2,2,0,Primary,1.031926029,0.61322292,4,-1.737268966,1,,
2,25,1,2,25,1,8,7,4,2014,Completed,1,40,15,48,16,0,11,1971,42,Yes,Secondary,24,Less than once a week,Less than once a week,Almost every day,No,,,Yes,Yes,Almost every day,Yes,Yes,Almost every day,Yes,35,Yes,2,1,No,,,No,,,3,Yes,,12,2013,No,No,No,No,No,No,"Yes, currently married",No (Only one),,,,98,2000,,20,No,Days ago,1,No,Wife,No,,,,,3,Yes,Yes,No,Yes,No,Yes,Yes,No,No,Yes,Yes,Yes,No,Yes,Yes,Less than 12 months ago,Yes,No,,,,Yes,0,,,,No,,,,,,,,,No,,,,,,,Yes,15,1,1,1,Observed,Permanent,24,,,,Yes,1,2,5,90,Urban,Bulawayo,1372,863,40-44,1208,28,,Currently married/in union,3,3,0,Secondary,1.031926029,1.275284565,5,0.274637323,4,,
3,3,1,3,3,1,5,16,4,2014,Completed,2,4,18,2,18,15,4,1972,42,Yes,Higher,31,Almost every day,Almost every day,Less than once a week,Yes,Yes,Almost every day,Yes,Yes,Almost every day,Yes,Yes,Almost every day,Yes,32,Yes,1,1,No,,,No,,,2,Yes,,1,2011,No,No,No,No,No,No,"Yes, currently married",No (Only one),,,,3,2002,,30,No,Days ago,1,No,Wife,No,,,,,1,Yes,Yes,No,Yes,No,No,Yes,No,Yes,DK,Yes,Yes,Yes,Yes,Yes,2 or more years ago,Yes,No,,,,No,,,,,No,,,,,,,,,No,,,,,,,No,,,,,,,,,,,,,,,,Urban,Bulawayo,1372,868,40-44,1227,29,,Currently married/in union,2,2,0,Higher,1.345308959,1.389269495,5,0.621020472,4,,
3,4,1,3,4,1,5,11,4,2014,Completed,2,4,12,20,12,35,10,1981,32,Yes,Primary,17,Less than once a week,Less than once a week,Not at all,No,,,No,,,Yes,Yes,Almost every day,Yes,30,Yes,0,1,No,,,No,,,1,Yes,,7,2012,No,No,No,No,No,No,"Yes, living with a women",No (Only one),,,,98,2000,,18,Yes,Days ago,0,Yes,Cohabiting partner,Yes,Yes,Casual acquaintance,No,,3,Yes,Yes,No,Yes,DK,No,Yes,Yes,Yes,Yes,Yes,Yes,No,Yes,Yes,Less than 12 months ago,Yes,No,,,,No,,,,,No,,,,,,,,,No,,,,,,,No,,,,,,,,,,,,,,,,Urban,Bulawayo,1372,982,30-34,1201,18,,Currently married/in union,1,1,0,Primary,1.345308959,0.882931314,4,-0.917665507,1,,
3,6,1,3,6,1,7,14,4,2014,Completed,2,4,10,16,10,21,5,1994,19,Yes,Primary,16,Not at all,Almost every day,Almost every day,No,,,No,,,Yes,Yes,Almost every day,No,,,,,,,,No,,,0,,,,,No,No,No,No,No,No,"No, not in union",,,No,,,,,16,No,Days ago,5,Yes,Girlfriend,Yes,Yes,Girlfrend,Yes,4,7,Yes,Yes,No,Yes,No,No,Yes,No,DK,No,Yes,Yes,No,Yes,No,,,No,,,,No,,,,,No,,,,,,,,,No,,,,,,,Yes,17,1,1,1,Not observed,DK brand / type,95,Yes,No,,Yes,1,90,,,Urban,Bulawayo,1372,1133,15-19,,,,Never married/in union,0,0,0,Primary,1.345308959,0.926326163,4,-0.785795052,1,,
3,7,1,3,7,1,11,13,4,2014,Completed,2,4,12,54,13,11,11,1978,35,Yes,Primary,17,Not at all,At least once a week,Less than once a week,No,,,No,,,Yes,Yes,At least once a week,Yes,27,Yes,1,2,No,,,No,,,3,Yes,,11,2012,No,No,No,No,No,No,"Yes, currently married",No (Only one),,,,5,2003,,17,No,Days ago,1,No,Wife,No,,,,,7,Yes,Yes,No,Yes,Yes,No,Yes,Yes,Yes,Yes,Yes,Yes,Yes,Yes,Yes,Less than 12 months ago,Yes,No,,,,No,,,,,No,,,,,,,,,Yes,Yes,,Snuff,,,3,Yes,32,4,4,,,,,,,,,,,,,Urban,Bulawayo,1372,947,35-39,1241,24,,Currently married/in union,3,3,0,Primary,1.345308959,0.983574749,4,-0.611825166,2,,
3,9,1,3,9,1,13,12,4,2014,Completed,2,4,14,21,14,34,6,1959,54,Yes,Secondary,22,Almost every day,Less than once a week,At least once a week,No,,,No,,,Yes,No,,Yes,27,No,,,Yes,3,2,No,,,5,No,3,5,2006,No,No,No,No,No,No,"Yes, currently married",No (Only one),,,,98,1987,,20,No,Days ago,3,No,Wife,No,,,,,14,Yes,Yes,No,Yes,Yes,No,Yes,Yes,Yes,Yes,Yes,No,No,Yes,Yes,2 or more years ago,Yes,No,,,,Yes,20,Yes,9,30,Yes,Yes,,,,,Rolled tobacco,,10,No,,,,,,,Yes,16,4,1,,,,,,,,,,,,,Urban,Bulawayo,1372,714,50-54,1055,28,,Currently married/in union,5,5,0,Secondary,1.345308959,1.420559608,5,0.716106444,4,,
3,10,1,3,10,1,13,16,4,2014,Completed,2,4,17,12,17,29,9,1986,27,Yes,Secondary,24,At least once a week,At least once a week,At least once a week,Yes,Yes,Not at all,Yes,No,,Yes,Yes,Almost every day,Yes,26,Yes,1,0,No,,,No,,,1,Yes,,5,2013,No,No,No,No,No,No,"Yes, currently married",No (Only one),,,,1,2013,,20,Yes,Weeks ago,1,No,Wife,No,,,,,5,Yes,Yes,No,Yes,No,No,Yes,No,Yes,No,Yes,Yes,No,Yes,No,,,No,,,,Yes,18,No,,,No,,,,,,,,,No,,,,,,,Yes,18,0,,,,,,,,,,,,,,Urban,Bulawayo,1372,1041,25-29,1357,26,,Currently married/in union,1,1,0,Secondary,1.345308959,1.485950123,5,0.914818436,5,,
3,10,4,3,10,4,13,14,4,2014,Not at home,2,4,,,,,,,,,,,,,,,,,,,,,,,,,,,,,,,,,,,,,,,,,,,,,,,,,,,,,,,,,,,,,,,,,,,,,,,,,,,,,,,,,,,,,,,,,,,,,,,,,,,,,,,,,,,,,,,,,,,,,,,,,,,Urban,Bulawayo,1372,,,,,,,,,,,0,0,0,0,0,0,0
3,12,1,3,12,1,13,14,4,2014,Completed,2,4,9,36,9,49,11,1984,29,Yes,Secondary,24,Almost every day,Almost every day,Almost every day,Yes,Yes,Almost every day,Yes,Yes,At least once a week,Yes,Yes,Almost every day,Yes,24,Yes,0,1,Yes,0,1,No,,,2,No,2,8,2013,No,No,No,No,No,No,"Yes, currently married",No (Only one),,,,8,2007,,21,No,Days ago,0,No,Wife,Yes,Yes,Casual acquaintance,No,,5,Yes,Yes,No,Yes,No,No,Yes,Yes,Yes,Yes,Yes,Yes,Yes,Yes,Yes,Less than 12 months ago,Yes,No,,,,No,,,,,No,,,,,,,,,No,,,,,,,Yes,27,0,,,,,,,,,,,,,,Urban,Bulawayo,1372,1019,25-29,1292,22,,Currently married/in union,2,2,0,Secondary,1.345308959,1.180185545,5,-0.01435437,3,,
3,13,3,3,13,3,5,14,4,2014,Completed,2,4,9,41,9,50,7,1994,19,Yes,Secondary,26,Less than once a week,Not at all,Almost every day,Yes,Yes,Almost every day,Yes,Yes,At least once a week,Yes,Yes,Almost every day,DK,,,,,,,,No,,,0,,,,,No,No,No,No,No,No,"No, not in union",,,No,,,,,18,Yes,Months ago,3,Yes,Girlfriend,No,,,,,3,Yes,Yes,No,Yes,No,No,Yes,Yes,Yes,No,Yes,No,No,Yes,Yes,Less than 12 months ago,Yes,No,,,,No,,,,,No,,,,,,,,,No,,,,,,,Yes,18,1,6,,,,,,,,,,,,,Urban,Bulawayo,1372,1135,15-19,,,,Never married/in union,0,0,0,Secondary,1.345308959,1.588000054,5,1.224932911,5,,
3,15,1,3,15,1,13,17,4,2014,Not at home,2,4,,,,,,,,,,,,,,,,,,,,,,,,,,,,,,,,,,,,,,,,,,,,,,,,,,,,,,,,,,,,,,,,,,,,,,,,,,,,,,,,,,,,,,,,,,,,,,,,,,,,,,,,,,,,,,,1,Not observed,DK brand / type,12,No,No,,Yes,1,2,8,90,Urban,Bulawayo,1372,,,,,,,,,,,0,0,0,0,0,0,0
3,15,3,3,15,3,13,11,4,2014,Completed,2,4,11,36,11,46,1,1999,15,Yes,Secondary,22,Almost every day,Almost every day,Almost every day,Yes,Yes,Almost every day,Yes,Yes,At least once a week,Yes,Yes,Almost every day,No,,,,,,,,No,,,0,,,,,No,No,No,No,No,No,"No, not in union",,,No,,,,,0,,,,,,,,,,,,Yes,Yes,No,Yes,No,No,Yes,Yes,DK,Yes,Yes,Yes,Yes,Yes,Yes,Less than 12 months ago,Yes,Yes,14,Traditional practitioner/family/friend,Health facility,No,,,,,No,,,,,,,,,No,,,,,,,Yes,0,,,,,,,,,,,,,,,Urban,Bulawayo,1372,1189,15-19,,,,Never married/in union,0,0,0,Secondary,1.345308959,1.687377745,5,1.526926847,5,,
3,18,3,3,18,3,14,11,4,2014,Completed,2,4,10,51,11,3,12,1994,19,Yes,Primary,17,At least once a week,Almost every day,Not at all,No,,,No,,,Yes,Yes,Almost every day,Yes,18,No,,,Yes,1,0,No,,,1,Yes,,99,2013,No,No,No,No,No,No,"No, not in union",,,"Yes, formerly married",Divorced,1,2013,,18,Yes,Months ago,2,Yes,Girlfriend,No,,,,,2,Yes,Yes,No,Yes,No,No,Yes,Yes,Yes,No,Yes,Yes,No,Yes,Yes,Less than 12 months ago,Yes,Yes,18,Health worker/Professional,Health facility,Yes,17,Yes,10,30,No,,,,,,,,,No,,,,,,,Yes,18,10,1,,,,,,,,,,,,,Urban,Bulawayo,1372,1140,15-19,1357,18,,Formerly married/in union,1,1,0,Primary,1.345308959,0.854822631,4,-1.00308359,1,,
3,19,1,3,19,1,14,14,4,2014,Completed,2,4,10,8,10,16,12,1973,40,Yes,Secondary,24,At least once a week,Not at all,Less than once a week,No,,,No,,,Yes,Yes,Almost every day,Yes,17,No,,,Yes,3,2,No,,,5,No,2,1,2011,No,Yes,No,No,No,No,"Yes, currently married",No (Only one),,,,3,1996,,16,No,Days ago,0,Yes,Girlfriend,Yes,No,Wife,No,,20,Yes,Yes,No,Yes,No,No,Yes,Yes,Yes,Yes,Yes,Yes,Yes,Yes,Yes,Less than 12 months ago,Yes,No,,,,No,,,,,No,,,,,,,,,Yes,Yes,,Snuff,,,30,Yes,20,30,7,,,,,,,,,,,,,Urban,Bulawayo,1372,888,40-44,1155,22,,Currently married/in union,5,5,0,Secondary,1.345308959,1.152303416,5,-0.09908399,3,,
3,22,1,3,22,1,11,16,4,2014,Refused,2,4,,,,,,,,,,,,,,,,,,,,,,,,,,,,,,,,,,,,,,,,,,,,,,,,,,,,,,,,,,,,,,,,,,,,,,,,,,,,,,,,,,,,,,,,,,,,,,,,,,,,,,,,,,,,,,,,,,,,,,,,,,,Urban,Bulawayo,1372,,,,,,,,,,,0,0,0,0,0,0,0
3,22,5,3,22,5,11,13,4,2014,Refused,2,4,,,,,,,,,,,,,,,,,,,,,,,,,,,,,,,,,,,,,,,,,,,,,,,,,,,,,,,,,,,,,,,,,,,,,,,,,,,,,,,,,,,,,,,,,,,,,,,,,,,,,,,,,,,,,,,,,,,,,,,,,,,Urban,Bulawayo,1372,,,,,,,,,,,0,0,0,0,0,0,0
3,24,1,3,24,1,7,11,4,2014,Completed,2,4,17,5,17,19,2,1982,32,Yes,Primary,17,,At least once a week,Almost every day,No,,,No,,,Yes,Yes,Almost every day,No,,,,,,,,No,,,0,,,,,No,No,No,No,No,No,"Yes, currently married","Yes, (More than one)",2,,,9,2006,,14,No,Days ago,1,No,Wife,Yes,Yes,Girlfrend,No,,10,Yes,Yes,No,Yes,DK,No,Yes,Yes,Yes,Yes,Yes,Yes,No,Yes,Yes,Less than 12 months ago,Yes,No,,,,Yes,16,Yes,6,30,No,,,,,,,,,No,,,,,,,Yes,14,2,2,,,,,,,,,,,,,Urban,Bulawayo,1372,986,30-34,1281,24,,Currently married/in union,0,0,0,Primary,1.345308959,1.012071679,4,-0.525227257,2,,
3,25,1,3,25,1,11,16,4,2014,Not at home,2,4,,,,,,,,,,,,,,,,,,,,,,,,,,,,,,,,,,,,,,,,,,,,,,,,,,,,,,,,,,,,,,,,,,,,,,,,,,,,,,,,,,,,,,,,,,,,,,,,,,,,,,,,,,,,,,,3,Observed,Dawa,4,,,,Yes,1,2,90,,Urban,Bulawayo,1372,,,,,,,,,,,0,0,0,0,0,0,0
4,2,1,4,2,1,10,15,4,2014,Completed,7,9,11,20,11,41,8,1985,28,Yes,Higher,31,Not at all,Not at all,Almost every day,Yes,Yes,Almost every day,Yes,Yes,Almost every day,Yes,Yes,Almost every day,No,,,,,,,,No,,,0,,,,,No,No,No,No,No,No,"No, not in union",,,No,,,,,0,,,,,,,,,,,,Yes,Yes,No,Yes,DK,No,Yes,Yes,Yes,No,Yes,Yes,No,Yes,No,,,No,,,,No,,,,,No,,,,,,,,,No,,,,,,,No,,,,,,,,,,,,,,,,Urban,Bulawayo,1372,1028,25-29,,,,Never married/in union,0,0,0,Higher,0.937422732,1.441355324,5,0.779301516,4,,
4,3,1,4,3,1,10,11,4,2014,Completed,7,9,10,14,10,37,1,1966,48,Yes,Secondary,24,Less than once a week,At least once a week,Almost every day,Yes,No,,No,,,Yes,Yes,Almost every day,Yes,29,Yes,3,1,No,,,Yes,0,1,5,No,2,12,2004,No,No,No,No,No,No,"Yes, currently married",No (Only one),,,,5,1992,,24,No,Days ago,1,Yes,Wife,No,,,,,4,Yes,Yes,No,Yes,No,No,Yes,DK,Yes,Yes,Yes,Yes,No,Yes,Yes,2 or more years ago,Yes,No,,,,Yes,19,No,,,Yes,No,,,,,,,,No,,,,,,,No,,,,,,,,,,,,,,,,Urban,Bulawayo,1372,793,45-49,1109,26,,Currently married/in union,5,4,1,Secondary,0.937422732,0.834992198,4,-1.063345308,1,,
4,6,3,4,6,3,8,15,4,2014,Completed,7,9,9,13,9,24,12,1986,27,Yes,Secondary,24,At least once a week,Almost every day,Almost every day,No,,,No,,,Yes,Yes,Almost every day,No,,,,,,,,No,,,0,,,,,No,No,No,No,No,No,"Yes, currently married",No (Only one),,,,2,2012,,23,Yes,Weeks ago,4,Missing,Wife,Yes,Yes,Casual acquaintance,No,,3,Yes,Yes,No,Yes,No,Yes,Yes,No,Yes,Yes,No,Yes,Yes,Yes,Yes,2 or more years ago,Yes,No,,,,Yes,27,Yes,3,10,Yes,No,,,,,,,,No,,,,,,,Yes,19,10,2,,,,,,,,,,,,,Urban,Bulawayo,1372,1044,25-29,1346,25,,Currently married/in union,0,0,0,Secondary,0.937422732,1.271425485,5,0.262910155,4,,
4,6,5,4,6,5,12,11,4,2014,Completed,7,9,10,19,10,26,10,1998,15,Yes,Secondary,21,At least once a week,Less than once a week,Almost every day,Yes,Yes,At least once a week,Yes,Yes,Less than once a week,Yes,Yes,Almost every day,No,,,,,,,,No,,,0,,,,,No,Yes,Yes,No,No,No,"No, not in union",,,No,,,,,0,,,,,,,,,,,,Yes,Yes,No,Yes,No,No,Yes,No,No,Yes,Yes,Yes,No,Yes,No,,,No,,,,Yes,0,,,,No,,,,,,,,,No,,,,,,,Yes,11,2,5,,,,,,,,,,,,,Urban,Bulawayo,1372,1186,15-19,,,,Never married/in union,0,0,0,Secondary,0.937422732,1.271425485,5,0.262910155,4,,
4,9,2,4,9,2,12,12,4,2014,Incapacitated,7,9,,,,,,,,,,,,,,,,,,,,,,,,,,,,,,,,,,,,,,,,,,,,,,,,,,,,,,,,,,,,,,,,,,,,,,,,,,,,,,,,,,,,,,,,,,,,,,,,,,,,,,,,,,,,,,,,,,,,,,,,,,,Urban,Bulawayo,1372,,,,,,,,,,,0,0,0,0,0,0,0
4,11,1,4,11,1,6,11,4,2014,Completed,7,9,9,26,9,40,1,1961,53,Yes,Higher,30,At least once a week,Almost every day,Almost every day,Yes,Yes,Almost every day,Yes,Yes,At least once a week,Yes,Yes,Almost every day,Yes,28,Yes,0,4,No,,,No,,,4,Yes,,3,2004,No,No,No,No,No,No,"Yes, currently married",No (Only one),,,,2,1993,,18,No,Days ago,2,No,Wife,No,,,,,4,Yes,Yes,No,Yes,No,No,Yes,Yes,Yes,Yes,Yes,Yes,No,Yes,Yes,2 or more years ago,Yes,No,,,,No,,,,,No,,,,,,,,,No,,,,,,,Yes,31,0,,,,,,,,,,,,,,Urban,Bulawayo,1372,733,50-54,1118,32,,Currently married/in union,4,4,0,Higher,0.937422732,1.39319942,5,0.632962928,4,,
4,12,3,4,12,3,6,11,4,2014,Completed,7,9,14,35,14,47,11,1997,16,Yes,Secondary,24,Almost every day,Less than once a week,Almost every day,Yes,Yes,At least once a week,Yes,Yes,Almost every day,Yes,Yes,Almost every day,No,,,,,,,,No,,,0,,,,,No,No,No,No,No,No,"No, not in union",,,No,,,,,0,,,,,,,,,,,,Yes,Yes,No,Yes,No,No,Yes,Yes,Yes,No,Yes,DK / Not sure / Depends,Yes,Yes,Yes,Less than 12 months ago,Yes,No,,,,No,,,,,No,,,,,,,,,No,,,,,,,Yes,16,0,,,,,,,,,,,,,,Urban,Bulawayo,1372,1175,15-19,,,,Never married/in union,0,0,0,Secondary,0.937422732,2.036588715,5,2.588126737,5,,
4,14,1,4,14,1,6,12,4,2014,Completed,7,9,8,41,9,6,1,1964,50,Yes,Secondary,22,Almost every day,Almost every day,Almost every day,Yes,No,,Yes,No,,Yes,Yes,Almost every day,Yes,17,Yes,1,0,Yes,4,3,Yes,2,1,11,No,3,2,2002,No,No,No,No,No,No,"Yes, currently married",No (Only one),,,,1,1984,,15,No,Days ago,4,Yes,Wife,No,,,,,4,Yes,Yes,No,No,Yes,Yes,Yes,Yes,No,Yes,Yes,No,No,Yes,Yes,Less than 12 months ago,Yes,No,,,,Yes,14,No,,,Yes,No,,,,,,,,Yes,No,,,,,,Yes,16,1,3,,,,,,,,,,,,,Urban,Bulawayo,1372,769,50-54,1009,20,,Currently married/in union,11,8,3,Secondary,0.937422732,1.023896909,4,-0.489292152,2,,
4,14,3,4,14,3,10,11,4,2014,Completed,7,9,13,33,13,45,3,1997,17,Yes,Secondary,22,Almost every day,Almost every day,Almost every day,Yes,Yes,At least once a week,No,,,Yes,Yes,Almost every day,No,,,,,,,,No,,,0,,,,,No,Yes,No,Yes,No,Yes,"No, not in union",,,No,,,,,14,Yes,Months ago,1,Yes,Girlfriend,No,,,,,5,Yes,Yes,No,Yes,Yes,No,Yes,Yes,Yes,No,Yes,Yes,Yes,Yes,Yes,2 or more years ago,Yes,No,,,,No,,,,,No,,,,,,,,,No,,,,,,,No,,,,,,,,,,,,,,,,Urban,Bulawayo,1372,1167,15-19,,,,Never married/in union,0,0,0,Secondary,0.937422732,1.023896909,4,-0.489292152,2,,
4,15,1,4,15,1,6,15,4,2014,Completed,7,9,10,25,10,36,1,1966,48,Yes,Secondary,24,Almost every day,At least once a week,Almost every day,No,,,No,,,Yes,Yes,Almost every day,Yes,22,Yes,1,1,Yes,0,2,No,,,4,No,2,9,2010,No,No,No,No,No,No,"Yes, currently married",No (Only one),,,,10,1987,,22,No,Weeks ago,1,No,Wife,No,,,,,2,Yes,Yes,No,Yes,No,No,Yes,Yes,Yes,No,Yes,Yes,No,No,Yes,2 or more years ago,Yes,No,,,,No,,,,,No,,,,,,,,,No,,,,,,,No,,,,,,,,,,,,,,,,Urban,Bulawayo,1372,793,45-49,1054,21,,Currently married/in union,4,4,0,Secondary,0.937422732,1.692684199,5,1.543052365,5,,
4,15,6,4,15,6,6,11,4,2014,Completed,7,9,12,42,12,50,7,1996,17,Yes,Secondary,24,Less than once a week,Almost every day,Almost every day,Yes,Yes,At least once a week,Yes,Yes,Almost every day,Yes,Yes,Almost every day,No,,,,,,,,No,,,0,,,,,No,No,No,No,No,No,"No, not in union",,,No,,,,,0,,,,,,,,,,,,Yes,Yes,No,Yes,No,No,Yes,Yes,Yes,No,Yes,Yes,No,Yes,No,,,No,,,,No,,,,,No,,,,,,,,,No,,,,,,,Yes,15,0,,,,,,,,,,,,,,Urban,Bulawayo,1372,1159,15-19,,,,Never married/in union,0,0,0,Secondary,0.937422732,1.692684199,5,1.543052365,5,,
4,15,7,4,15,7,6,11,4,2014,Completed,7,9,12,18,12,32,8,1991,22,Yes,Secondary,24,At least once a week,Almost every day,At least once a week,Yes,Yes,Almost every day,Yes,Yes,Almost every day,Yes,Yes,Almost every day,Yes,17,No,,,Yes,1,0,No,,,1,Yes,,9,2008,No,No,No,No,No,No,"No, not in union",,,No,,,,,16,Yes,Weeks ago,1,Yes,Girlfriend,No,,,,,6,Yes,Yes,No,Yes,Yes,No,Yes,Yes,Yes,Yes,Yes,No,Yes,Yes,Yes,Less than 12 months ago,Yes,No,,,,No,,,,,No,,,,,,,,,No,,,,,,,Yes,18,1,6,,,,,,,,,,,,,Urban,Bulawayo,1372,1100,20-24,,,,Never married/in union,1,1,0,Secondary,0.937422732,1.692684199,5,1.543052365,5,,
4,15,8,4,15,8,6,11,4,2014,Completed,7,9,12,54,13,8,2,1996,18,Yes,Secondary,22,Not at all,At least once a week,Almost every day,No,,,Yes,No,,Yes,Yes,Almost every day,No,,,,,,,,No,,,0,,,,,No,No,Yes,No,No,No,"No, not in union",,,No,,,,,18,Yes,Days ago,4,No,Girlfriend,No,,,,,5,Yes,Yes,No,No,No,No,No,No,Yes,Yes,No,Yes,Yes,Yes,No,,,No,,,,No,,,,,No,,,,,,,,,No,,,,,,,Yes,16,0,,,,,,,,,,,,,,Urban,Bulawayo,1372,1154,15-19,,,,Never married/in union,0,0,0,Secondary,0.937422732,1.692684199,5,1.543052365,5,,
4,17,3,4,17,3,8,11,4,2014,Completed,7,9,9,19,9,30,5,1993,20,Yes,Secondary,24,Almost every day,Less than once a week,Almost every day,Yes,Yes,Almost every day,Yes,Yes,Almost every day,Yes,Yes,Almost every day,No,,,,,,,,No,,,0,,,,,No,No,No,No,No,Yes,"No, not in union",,,No,,,,,0,,,,,,,,,,,,Yes,No,Yes,Yes,No,No,No,Yes,Yes,Yes,Yes,Yes,Yes,Yes,Yes,Less than 12 months ago,Yes,No,,,,No,,,,,No,,,,,,,,,No,,,,,,,No,,,,,,,,,,,,,,,,Urban,Bulawayo,1372,1121,20-24,,,,Never married/in union,0,0,0,Secondary,0.937422732,1.537854455,5,1.072547936,5,,
4,17,4,4,17,4,8,11,4,2014,Completed,7,9,9,4,9,12,6,1995,18,Yes,Secondary,25,At least once a week,Not at all,Almost every day,Yes,Yes,Almost every day,Yes,Yes,Almost every day,Yes,Yes,Almost every day,No,,,,,,,,No,,,0,,,,,No,No,No,No,No,No,"No, not in union",,,No,,,,,0,,,,,,,,,,,,Yes,Yes,No,Yes,No,No,No,Yes,Yes,Yes,Yes,Yes,Yes,Yes,Yes,2 or more years ago,Yes,Yes,16,Health worker/Professional,Health facility,No,,,,,No,,,,,,,,,No,,,,,,,No,,,,,,,,,,,,,,,,Urban,Bulawayo,1372,1146,15-19,,,,Never married/in union,0,0,0,Secondary,0.937422732,1.537854455,5,1.072547936,5,,
4,17,5,4,17,5,8,11,4,2014,Completed,7,9,11,12,11,20,6,1995,18,Yes,Secondary,25,Almost every day,Less than once a week,Almost every day,Yes,Yes,Almost every day,Yes,Yes,Almost every day,Yes,Yes,Almost every day,No,,,,,,,,No,,,0,,,,,No,No,No,No,No,No,"No, not in union",,,No,,,,,0,,,,,,,,,,,,Yes,Yes,No,Yes,No,No,Yes,No,No,Yes,No,Yes,Yes,Yes,Yes,2 or more years ago,Yes,Yes,15,Health worker/Professional,Health facility,No,,,,,No,,,,,,,,,No,,,,,,,No,,,,,,,,,,,,,,,,Urban,Bulawayo,1372,1146,15-19,,,,Never married/in union,0,0,0,Secondary,0.937422732,1.537854455,5,1.072547936,5,,
4,20,1,4,20,1,8,13,4,2014,Completed,7,9,10,45,17,0,10,1968,45,Yes,Higher,31,Almost every day,Not at all,Almost every day,Yes,Yes,Less than once a week,Yes,Yes,Almost every day,Yes,Yes,Almost every day,Yes,32,No,,,Yes,2,1,No,,,3,Yes,,3,2009,No,No,No,No,No,Yes,"Yes, currently married",No (Only one),,,,98,1997,,29,No,Months ago,4,No,Wife,No,,,,,9,Yes,Yes,No,Yes,No,No,Yes,Yes,Yes,Yes,Yes,Yes,Yes,Yes,Yes,2 or more years ago,Yes,Yes,18,Traditional practitioner/family/friend,Ritual site,Yes,17,Yes,7,30,Yes,No,,,,,,,,Yes,No,,,,,,Yes,22,30,4,,,,,,,,,,,,,Urban,Bulawayo,1372,826,45-49,1172,28,,Currently married/in union,3,3,0,Higher,0.937422732,0.907257684,4,-0.843741309,1,,
4,23,1,4,23,1,9,11,4,2014,Completed,7,9,10,3,10,17,11,1979,34,Yes,Higher,30,Almost every day,Less than once a week,Almost every day,Yes,Yes,Almost every day,Yes,Yes,Almost every day,Yes,Yes,Almost every day,Yes,28,Yes,0,2,No,,,No,,,2,Yes,,9,2009,No,No,No,No,No,No,"Yes, currently married",No (Only one),,,,98,2006,,95,Yes,Days ago,3,No,Wife,No,,,,,4,Yes,Yes,No,Yes,No,No,Yes,Yes,Yes,Yes,Yes,Yes,Yes,Yes,Yes,12-23 months ago,Yes,No,,,,Yes,16,No,,,No,,,,,,,,,No,,,,,,,Yes,16,0,,,,,,,,,,,,,,Urban,Bulawayo,1372,959,30-34,1283,27,,Currently married/in union,2,2,0,Higher,0.937422732,1.676119417,5,1.492714472,5,,
4,24,1,4,24,1,9,14,4,2014,Not at home,7,9,,,,,,,,,,,,,,,,,,,,,,,,,,,,,,,,,,,,,,,,,,,,,,,,,,,,,,,,,,,,,,,,,,,,,,,,,,,,,,,,,,,,,,,,,,,,,,,,,,,,,,,,,,,,,,,,,,,,,,,,,,,Urban,Bulawayo,1372,,,,,,,,,,,0,0,0,0,0,0,0
5,1,1,5,1,1,13,13,4,2014,Completed,2,23,11,0,11,15,12,1971,42,Yes,Higher,31,Almost every day,Almost every day,Almost every day,Yes,Yes,Almost every day,Yes,Yes,Almost every day,Yes,Yes,Almost every day,Yes,26,Yes,2,2,No,,,No,,,4,Yes,,3,2013,No,No,No,No,No,No,"Yes, currently married",No (Only one),,,,8,1996,,20,No,Days ago,0,No,Wife,No,,,,,4,Yes,Yes,No,Yes,No,No,Yes,Yes,Yes,Yes,Yes,Yes,No,Yes,No,,,No,,,,No,,,,,No,,,,,,,,,No,,,,,,,Yes,0,,,,,,,,,,,,,,,Urban,Bulawayo,1372,864,40-44,1160,24,,Currently married/in union,4,4,0,Higher,1.085406717,1.509872996,5,0.987516468,5,,
5,4,1,5,4,1,5,7,4,2014,Completed,2,23,16,55,17,8,4,1986,27,Yes,Secondary,26,At least once a week,Not at all,Almost every day,Yes,Yes,At least once a week,Yes,Yes,Almost every day,Yes,Yes,Almost every day,No,,,,,,,,No,,,0,,,,,No,No,No,No,No,Yes,"Yes, currently married",No (Only one),,,,1,2012,,15,No,Days ago,2,No,Wife,No,,,,,30,Yes,Yes,No,Yes,No,No,Yes,Yes,Yes,Yes,Yes,Yes,Yes,Yes,Yes,Less than 12 months ago,Yes,No,,,,Yes,13,No,,,No,,,,,,,,,No,,,,,,,Yes,13,1,1,,,,,,,,,,,,,Urban,Bulawayo,1372,1036,25-29,1345,25,,Currently married/in union,0,0,0,Secondary,1.085406717,1.462567944,5,0.843763495,4,,
5,5,1,5,5,1,5,8,4,2014,Completed,2,23,17,0,17,25,6,1960,53,Yes,Higher,31,At least once a week,Not at all,Almost every day,No,,,No,,,Yes,Yes,Almost every day,Yes,30,Yes,1,3,No,,,No,,,4,Yes,,10,1998,No,No,No,No,No,No,"Yes, currently married",No (Only one),,,,8,1989,,18,No,Weeks ago,2,No,Wife,No,,,,,4,Yes,Yes,No,Yes,No,No,Yes,DK,Yes,DK,Yes,Yes,No,Yes,No,,,No,,,,No,,,,,No,,,,,,,,,No,,,,,,,No,,,,,,,,,,,,,,,,Urban,Bulawayo,1372,726,50-54,1076,29,,Currently married/in union,4,4,0,Higher,1.085406717,1.432004914,5,0.750887017,4,,
5,5,6,5,5,6,13,9,4,2014,Completed,2,23,15,10,15,17,10,1998,15,Yes,Secondary,22,Less than once a week,Almost every day,Almost every day,Yes,Yes,At least once a week,Yes,Yes,Almost every day,Yes,Yes,Almost every day,No,,,,,,,,No,,,0,,,,,No,No,No,No,No,No,"No, not in union",,,No,,,,,0,,,,,,,,,,,,Yes,Yes,No,Yes,No,No,Yes,Yes,DK,Yes,Yes,No,Yes,Yes,No,,,No,,,,No,,,,,No,,,,,,,,,No,,,,,,,No,,,,,,,,,,,,,,,,Urban,Bulawayo,1372,1186,15-19,,,,Never married/in union,0,0,0,Secondary,1.085406717,1.432004914,5,0.750887017,4,,
5,7,1,5,7,1,11,7,4,2014,Completed,2,23,11,14,11,38,5,1961,52,Yes,Higher,31,At least once a week,Almost every day,Almost every day,Yes,Yes,At least once a week,Yes,Yes,Almost every day,Yes,Yes,Almost every day,Yes,24,No,,,Yes,1,3,No,,,4,No,2,9,2006,No,No,No,DK,No,No,"Yes, living with a women",No (Only one),,,,5,1985,,15,No,Weeks ago,1,No,Cohabiting partner,No,,,,,98,Yes,Yes,No,Yes,No,No,Yes,Yes,Yes,Yes,Yes,Yes,No,Yes,Yes,12-23 months ago,Yes,No,,,,Yes,20,No,,,No,,,,,,,,,Yes,No,,,,,,Yes,18,2,1,,,,,,,,,,,,,Urban,Bulawayo,1372,737,50-54,1025,24,,Currently married/in union,4,4,0,Higher,1.085406717,1.609897392,5,1.291475645,5,,
5,8,1,5,8,1,11,12,4,2014,Completed,2,23,10,42,10,55,7,1968,45,Yes,Higher,31,Almost every day,Almost every day,Almost every day,Yes,Yes,Almost every day,Yes,Yes,At least once a week,Yes,Yes,Almost every day,Yes,20,Yes,2,0,Yes,1,0,No,,,3,No,2,9,1995,No,No,No,No,No,No,"Yes, currently married",No (Only one),,,,4,1988,,19,No,Days ago,1,No,Wife,No,,,,,4,Yes,Yes,No,Yes,No,No,Yes,No,Yes,Yes,Yes,Yes,No,Yes,Yes,2 or more years ago,Yes,Yes,22,Health worker/Professional,Health facility,Yes,0,,,,No,,,,,,,,,No,,,,,,,Yes,23,5,7,,,,,,,,,,,,,Urban,Bulawayo,1372,823,45-49,1060,19,,Currently married/in union,3,3,0,Higher,1.085406717,2.212422811,5,3.122460249,5,,
5,8,3,5,8,3,13,12,4,2014,Completed,2,23,11,36,11,47,5,1987,26,Yes,Secondary,24,At least once a week,Not at all,At least once a week,Yes,Yes,Almost every day,Yes,Yes,Almost every day,Yes,Yes,Almost every day,No,,,,,,,,No,,,0,,,,,No,No,No,No,No,No,"No, not in union",,,No,,,,,20,Yes,Months ago,5,Yes,Girlfriend,No,,,,,5,Yes,Yes,No,Yes,No,No,Yes,Yes,Yes,Yes,Yes,Yes,No,Yes,Yes,Less than 12 months ago,Yes,No,,,,Yes,10,No,,,No,,,,,,,,,No,,,,,,,Yes,16,0,,,,,,,,,,,,,,Urban,Bulawayo,1372,1049,25-29,,,,Never married/in union,0,0,0,Secondary,1.085406717,2.212422811,5,3.122460249,5,,
5,8,4,5,8,4,5,12,4,2014,Completed,2,23,11,37,11,50,9,1995,18,Yes,Secondary,25,At least once a week,Not at all,Almost every day,Yes,Yes,Almost every day,Yes,Yes,Almost every day,Yes,Yes,Almost every day,No,,,,,,,,No,,,0,,,,,No,No,No,No,No,No,"No, not in union",,,No,,,,,17,Yes,Year ago,1,,,,,,,,1,Yes,No,No,Yes,No,No,Yes,Yes,Yes,Yes,Yes,Yes,DK / Not sure / Depends,Yes,Yes,Less than 12 months ago,Yes,No,,,,No,,,,,No,,,,,,,,,No,,,,,,,Yes,13,0,,,,,,,,,,,,,,Urban,Bulawayo,1372,1149,15-19,,,,Never married/in union,0,0,0,Secondary,1.085406717,2.212422811,5,3.122460249,5,,
5,11,1,5,11,1,13,7,4,2014,Completed,2,23,12,14,12,22,4,1987,26,Yes,Higher,31,At least once a week,Not at all,Almost every day,Yes,Yes,At least once a week,Yes,Yes,Almost every day,Yes,Yes,Almost every day,No,,,,,,,,No,,,0,,,,,No,No,No,No,No,No,"No, not in union",,,No,,,,,17,Yes,Year ago,9,,,,,,,,1,Yes,Yes,No,Yes,No,No,Yes,Yes,Yes,Yes,Yes,Yes,No,Yes,Yes,2 or more years ago,Yes,No,,,,No,,,,,No,,,,,,,,,No,,,,,,,Yes,17,0,,,,,,,,,,,,,,Urban,Bulawayo,1372,1048,25-29,,,,Never married/in union,0,0,0,Higher,1.085406717,1.260952985,5,0.231085795,3,,
5,11,2,5,11,2,13,12,4,2014,Completed,2,23,18,1,18,16,12,1986,27,Yes,Secondary,22,Less than once a week,At least once a week,Almost every day,No,,,No,,,Yes,Yes,Almost every day,No,,,,,,,,No,,,0,,,,,No,No,No,No,No,No,"No, not in union",,,No,,,,,21,Yes,Months ago,4,Missing,Girlfriend,No,,,,,6,Yes,Yes,No,Yes,No,No,Yes,Yes,Yes,Yes,Yes,Yes,Yes,Yes,No,,,No,,,,No,,,,,No,,,,,,,,,No,,,,,,,No,,,,1,Not observed,Permanent,12,,,,Yes,2,90,,,Urban,Bulawayo,1372,1044,25-29,,,,Never married/in union,0,0,0,Secondary,1.085406717,1.260952985,5,0.231085795,3,,
5,13,1,5,13,1,13,16,4,2014,Not at home,2,23,,,,,,,,,,,,,,,,,,,,,,,,,,,,,,,,,,,,,,,,,,,,,,,,,,,,,,,,,,,,,,,,,,,,,,,,,,,,,,,,,,,,,,,,,,,,,,,,,,,,,,,,,,,,,,,,,,,,,,,,,,,Urban,Bulawayo,1372,,,,,,,,,,,0,0,0,0,0,0,0
5,14,3,5,14,3,13,12,4,2014,Completed,2,23,9,0,9,7,12,1996,17,Yes,Secondary,23,Less than once a week,Less than once a week,Almost every day,Yes,No,,Yes,Yes,At least once a week,Yes,Yes,Almost every day,No,,,,,,,,No,,,0,,,,,No,No,No,No,No,No,"No, not in union",,,No,,,,,0,,,,,,,,,,,,Yes,Yes,No,Yes,No,No,Yes,Yes,Yes,Yes,Yes,Yes,No,Yes,Yes,Less than 12 months ago,No,No,,,,No,,,,,No,,,,,,,,,No,,,,,,,No,,,,,,,,,,,,,,,,Urban,Bulawayo,1372,1164,15-19,,,,Never married/in union,0,0,0,Secondary,1.085406717,2.155254077,5,2.94873302,5,,
5,15,1,5,15,1,13,14,4,2014,Completed,2,23,12,29,12,44,10,1977,36,Yes,Higher,0,Almost every day,Less than once a week,Almost every day,Yes,Yes,Almost every day,Yes,Yes,Almost every day,Yes,Yes,Almost every day,Yes,27,Yes,2,1,No,,,No,,,3,Yes,,6,2012,No,No,No,No,No,No,"Yes, currently married",No (Only one),,,,6,2003,,20,Yes,Days ago,0,No,Wife,No,,,,,3,Yes,Yes,No,Yes,No,No,Yes,Yes,Yes,Yes,Yes,Yes,Yes,Yes,Yes,Less than 12 months ago,Yes,No,,,,No,,,,,No,,,,,,,,,No,,,,,,,No,,,,,,,,,,,,,,,,Urban,Bulawayo,1372,934,35-39,1242,25,,Currently married/in union,3,3,0,Higher,1.085406717,1.648651801,5,1.409244496,5,,
5,16,3,5,16,3,7,12,4,2014,Completed,2,23,8,27,8,39,8,1992,21,Yes,Higher,0,Almost every day,Almost every day,Almost every day,Yes,Yes,Almost every day,Yes,Yes,Almost every day,Yes,Yes,Almost every day,No,,,,,,,,No,,,0,,,,,No,No,No,No,No,No,"No, not in union",,,No,,,,,0,,,,,,,,,,,,Yes,Yes,No,Yes,No,No,Yes,No,Yes,Yes,Yes,Yes,Yes,Yes,No,,,No,,,,No,,,,,No,,,,,,,,,No,,,,,,,Yes,19,2,5,,,,,,,,,,,,,Urban,Bulawayo,1372,1112,20-24,,,,Never married/in union,0,0,0,Higher,1.085406717,2.104188998,5,2.793553885,5,,
5,20,1,5,20,1,7,17,4,2014,Completed,2,23,8,57,9,25,11,1963,50,Yes,Higher,31,Almost every day,Almost every day,Not at all,Yes,Yes,Almost every day,Yes,Yes,Almost every day,Yes,Yes,Almost every day,Yes,23,No,,,Yes,2,2,No,,,4,Yes,,3,2000,Yes,No,No,No,No,No,"Yes, currently married",No (Only one),,,,9,1987,,22,No,Weeks ago,1,No,Wife,No,,,,,5,Yes,DK,No,No,No,No,Yes,Yes,Yes,No,Yes,Yes,Yes,No,Yes,Less than 12 months ago,Yes,No,,,,No,,,,,No,,,,,,,,,Yes,No,,,,,,No,,,,1,Not observed,DK brand / type,5,DK / Not sure,No,,Yes,1,90,,,Urban,Bulawayo,1372,767,50-54,1053,23,,Currently married/in union,4,4,0,Higher,1.085406717,1.885816189,5,2.12995159,5,,
6,1,3,6,1,3,9,22,4,2014,Completed,1,17,16,20,16,40,5,1989,24,Yes,Secondary,24,At least once a week,Not at all,Not at all,Yes,Yes,Almost every day,Yes,Yes,Almost every day,Yes,Yes,Almost every day,Yes,21,No,,,Yes,2,1,No,,,3,No,3,1,2012,No,Yes,No,No,No,No,"No, not in union",,,No,,,,,21,Yes,Days ago,1,No,Girlfriend,No,,,,,4,Yes,Yes,No,Yes,No,No,Yes,No,Yes,Yes,Yes,Yes,No,Yes,Yes,Less than 12 months ago,Yes,No,,,,Yes,20,Yes,2,10,No,,,,,,,,,No,,,,,,,Yes,17,10,12,,,,,,,,,,,,,Urban,Bulawayo,1372,1073,20-24,,,,Never married/in union,3,3,0,Secondary,1.06140963,1.525309138,5,1.034424595,5,,
6,1,4,6,1,4,9,22,4,2014,Completed,1,17,17,20,17,41,7,1978,35,Yes,Primary,17,Less than once a week,Almost every day,Almost every day,No,,,No,,,Yes,Yes,Almost every day,No,,,,,,,,No,,,0,,,,,No,No,No,No,No,No,"No, not in union",,,"Yes, formerly married",Divorced,5,2013,,15,No,Months ago,5,Yes,Girlfriend,Yes,No,Wife,No,,8,Yes,Yes,No,Yes,No,No,Yes,DK,No,Yes,Yes,Yes,No,Yes,No,,,No,,,,Yes,19,Yes,8,10,No,,,,,,,,,No,,,,,,,Yes,20,2,6,,,,,,,,,,,,,Urban,Bulawayo,1372,943,35-39,1361,34,,Formerly married/in union,0,0,0,Primary,1.06140963,1.525309138,5,1.034424595,5,,
6,2,3,6,2,3,12,4,4,2014,Completed,1,17,12,0,12,6,8,1987,26,Yes,Secondary,24,Almost every day,Almost every day,At least once a week,Yes,Yes,Almost every day,Yes,Yes,Almost every day,Yes,Yes,Almost every day,No,,,,,,,,No,,,0,,,,,No,No,No,No,No,No,"No, not in union",,,No,,,,,0,,,,,,,,,,,,Yes,Yes,No,Yes,No,No,Yes,No,DK,Yes,Yes,Yes,No,Yes,No,,,No,,,,No,,,,,No,,,,,,,,,No,,,,,,,No,,,,,,,,,,,,,,,,Urban,Bulawayo,1372,1052,25-29,,,,Never married/in union,0,0,0,Secondary,1.06140963,1.516331426,5,1.007142671,5,,
6,5,2,6,5,2,12,22,4,2014,Not at home,1,17,,,,,,,,,,,,,,,,,,,,,,,,,,,,,,,,,,,,,,,,,,,,,,,,,,,,,,,,,,,,,,,,,,,,,,,,,,,,,,,,,,,,,,,,,,,,,,,,,,,,,,,,,,,,,,,,,,,,,,,,,,,Urban,Bulawayo,1372,,,,,,,,,,,0,0,0,0,0,0,0
6,5,3,6,5,3,12,4,4,2014,Completed,1,17,15,41,15,52,9,1987,26,Yes,Secondary,24,Almost every day,Almost every day,Almost every day,Yes,Yes,Almost every day,Yes,Yes,Almost every day,Yes,Yes,Almost every day,Yes,25,No,,,Yes,1,0,No,,,1,Yes,,11,2013,No,No,No,No,No,No,"Yes, currently married",No (Only one),,,,5,2013,,23,Yes,Weeks ago,2,Yes,Wife,No,,,,,5,Yes,Yes,No,Yes,No,No,Yes,Yes,Yes,Yes,No,Yes,Yes,Yes,Yes,Less than 12 months ago,Yes,Yes,24,Health worker/Professional,Health facility,No,,,,,No,,,,,,,,,No,,,,,,,Yes,19,10,6,,,,,,,,,,,,,Urban,Bulawayo,1372,1053,25-29,1361,25,,Currently married/in union,1,1,0,Secondary,1.06140963,1.780005481,5,1.808408678,5,,
6,8,1,6,8,1,6,6,4,2014,Completed,1,17,10,7,10,34,7,1989,24,Yes,Higher,30,Not at all,Not at all,Not at all,Yes,Yes,Almost every day,Yes,Yes,Almost every day,Yes,Yes,Almost every day,No,,,,,,,,No,,,0,,,,,No,No,No,No,No,No,"No, not in union",,,No,,,,,18,Yes,Days ago,2,Yes,Girlfriend,Yes,Yes,Girlfrend,Yes,4,9,Yes,Yes,No,Yes,No,No,Yes,No,Yes,Yes,Yes,Yes,Yes,Yes,Yes,Less than 12 months ago,Yes,No,,,,Yes,16,No,,,No,,,,,,,,,No,,,,,,,Yes,21,2,1,,,,,,,,,,,,,Urban,Bulawayo,1372,1075,20-24,,,,Never married/in union,0,0,0,Higher,1.06140963,1.032421228,4,-0.463388024,2,,
6,11,3,6,11,3,6,5,4,2014,Completed,1,17,14,13,14,25,6,1983,30,Yes,Higher,30,Less than once a week,Not at all,Almost every day,Yes,Yes,At least once a week,Yes,Yes,Almost every day,Yes,Yes,Almost every day,No,,,,,,,,No,,,0,,,,,No,No,No,No,No,No,"No, not in union",,,No,,,,,22,Yes,Weeks ago,2,Yes,Girlfriend,No,,,,,4,Yes,Yes,No,Yes,No,No,Yes,Yes,DK,DK,Yes,Yes,DK / Not sure / Depends,Yes,Yes,Less than 12 months ago,Yes,No,,,,No,,,,,No,,,,,,,,,No,,,,,,,Yes,21,0,,,,,,,,,,,,,,Urban,Bulawayo,1372,1002,30-34,,,,Never married/in union,0,0,0,Higher,1.06140963,1.889466117,5,2.141043173,5,,
6,11,4,6,11,4,8,5,4,2014,Completed,1,17,14,9,14,20,3,1990,24,Yes,Higher,31,Almost every day,Less than once a week,At least once a week,Yes,Yes,Almost every day,Yes,Yes,Almost every day,Yes,Yes,Almost every day,No,,,,,,,,No,,,0,,,,,No,No,No,No,No,No,"No, not in union",,,No,,,,,17,Yes,Year ago,1,,,,,,,,4,Yes,Yes,No,Yes,Yes,No,Yes,No,Yes,No,Yes,Yes,Yes,Yes,Yes,Less than 12 months ago,Yes,No,,,,Yes,0,,,,No,,,,,,,,,No,,,,,,,Yes,19,2,6,,,,,,,,,,,,,Urban,Bulawayo,1372,1083,20-24,,,,Never married/in union,0,0,0,Higher,1.06140963,1.889466117,5,2.141043173,5,,
6,11,7,6,11,7,10,4,4,2014,Completed,1,17,11,38,12,0,8,1986,27,Yes,Primary,17,Less than once a week,Almost every day,At least once a week,No,,,No,,,Yes,Yes,Almost every day,Yes,22,No,,,Yes,1,1,No,,,2,Yes,,7,2013,No,Yes,No,No,No,No,"Yes, currently married",No (Only one),,,,10,2007,,18,No,Months ago,1,No,Wife,Yes,Yes,Girlfrend,No,,8,Yes,Yes,No,Yes,DK,No,Yes,Yes,Yes,DK,No,Yes,No,Yes,Yes,2 or more years ago,Yes,No,,,,Yes,19,No,,,Yes,No,,,,,,,,No,,,,,,,Yes,19,2,6,,,,,,,,,,,,,Urban,Bulawayo,1372,1040,25-29,1294,21,,Currently married/in union,2,2,0,Primary,1.06140963,1.889466117,5,2.141043173,5,,
6,14,1,6,14,1,10,23,4,2014,Not at home,1,17,,,,,,,,,,,,,,,,,,,,,,,,,,,,,,,,,,,,,,,,,,,,,,,,,,,,,,,,,,,,,,,,,,,,,,,,,,,,,,,,,,,,,,,,,,,,,,,,,,,,,,,,,,,,,,,,,,,,,,,,,,,Urban,Bulawayo,1372,,,,,,,,,,,0,0,0,0,0,0,0
6,16,3,6,16,3,8,6,4,2014,Completed,1,17,16,34,16,46,7,1995,18,Yes,Secondary,24,At least once a week,At least once a week,Almost every day,Yes,Yes,Almost every day,Yes,Yes,Almost every day,Yes,Yes,Almost every day,No,,,,,,,,No,,,0,,,,,No,No,No,No,No,No,"No, not in union",,,No,,,,,17,Yes,Year ago,1,,,,,,,,1,Yes,Yes,No,Yes,No,No,Yes,Yes,Yes,No,Yes,Yes,No,Yes,Yes,Less than 12 months ago,Yes,Yes,17,Health worker/Professional,Health facility,Yes,0,,,,Yes,Yes,Cigars,,,,,,1,No,,,,,,,Yes,18,1,1,,,,,,,,,,,,,Urban,Bulawayo,1372,1147,15-19,,,,Never married/in union,0,0,0,Secondary,1.06140963,1.706218059,5,1.584179742,5,,
6,16,6,6,16,6,8,4,4,2014,Completed,1,17,11,40,11,52,9,1995,18,Yes,Primary,17,Not at all,Less than once a week,Less than once a week,No,,,No,,,Yes,Yes,Almost every day,DK,,,,,,,,No,,,0,,,,,No,No,No,No,No,No,"No, not in union",,,No,,,,,0,,,,,,,,,,,,Yes,Yes,No,Yes,Yes,No,Yes,DK,DK,DK,Yes,Yes,Yes,Yes,No,,,No,,,,No,,,,,No,,,,,,,,,No,,,,,,,Yes,17,3,2,,,,,,,,,,,,,Urban,Bulawayo,1372,1149,15-19,,,,Never married/in union,0,0,0,Primary,1.06140963,1.706218059,5,1.584179742,5,,
6,17,3,6,17,3,8,6,4,2014,Completed,1,17,15,20,15,35,10,1990,23,Yes,Secondary,24,At least once a week,At least once a week,Almost every day,No,,,Yes,Yes,Almost every day,Yes,Yes,Almost every day,No,,,,,,,,No,,,0,,,,,No,No,No,No,No,No,"No, not in union",,,No,,,,,21,Yes,Year ago,2,,,,,,,,2,Yes,Yes,Yes,Yes,No,No,Yes,Yes,Yes,Yes,Yes,Yes,Yes,Yes,No,,,No,,,,No,,,,,No,,,,,,,,,Missing,,,,,,,Yes,20,2,5,,,,,,,,,,,,,Urban,Bulawayo,1372,1090,20-24,,,,Never married/in union,0,0,0,Secondary,1.06140963,1.550730672,5,1.111676834,5,,
6,20,2,6,20,2,8,23,4,2014,Completed,1,17,7,28,7,42,2,1984,30,Yes,Higher,31,Almost every day,Almost every day,Almost every day,Yes,Yes,Almost every day,Yes,Yes,Almost every day,Yes,Yes,Almost every day,Yes,28,Yes,2,0,No,,,No,,,2,Yes,,12,2013,No,No,No,No,No,No,"Yes, currently married",No (Only one),,,,1,2013,,23,Yes,Days ago,1,No,Wife,No,,,,,11,Yes,Yes,No,Yes,No,No,Yes,Yes,Yes,Yes,Yes,Yes,Yes,Yes,Yes,Less than 12 months ago,Yes,No,,,,Yes,14,No,,,No,,,,,,,,,No,,,,,,,Yes,13,10,6,,,,,,,,,,,,,Urban,Bulawayo,1372,1010,30-34,1357,28,,Currently married/in union,2,2,0,Higher,1.06140963,1.607422183,5,1.283953855,5,,
7,3,1,7,3,1,5,7,5,2014,Completed,2,34,12,23,12,35,1,1960,54,Yes,Higher,31,Almost every day,Not at all,Almost every day,Yes,Yes,Almost every day,Yes,Yes,At least once a week,Yes,Yes,Almost every day,Yes,30,Yes,0,1,No,,,No,,,1,Yes,,5,2008,No,No,No,No,No,No,"Yes, currently married",No (Only one),,,,6,1989,,20,No,Weeks ago,1,No,Wife,No,,,,,2,Yes,Yes,No,No,No,No,Yes,Yes,Yes,Yes,DK / Not sure / Depends,Yes,No,Yes,Yes,2 or more years ago,Yes,No,,,,No,,,,,No,,,,,,,,,No,,,,,,,No,,,,,,,,,,,,,,,,Urban,Bulawayo,1373,721,50-54,1074,29,,Currently married/in union,1,1,0,Higher,0.989302998,2.239962463,5,3.206149133,5,,
7,3,3,7,3,3,5,7,5,2014,Completed,2,34,10,27,10,35,8,1990,23,Yes,Higher,30,At least once a week,Less than once a week,Almost every day,Yes,Yes,Almost every day,Yes,Yes,Almost every day,Yes,Yes,Almost every day,DK,,,,,,,,No,,,0,,,,,No,No,No,No,No,Yes,"No, not in union",,,No,,,,,20,Yes,Months ago,3,Yes,Girlfriend,No,,,,,1,Yes,Yes,No,Yes,No,No,Yes,Yes,No,No,Yes,Yes,Yes,Yes,Yes,Less than 12 months ago,Yes,No,,,,No,,,,,No,,,,,,,,,No,,,,,,,Yes,20,4,3,,,,,,,,,,,,,Urban,Bulawayo,1373,1088,20-24,,,,Never married/in union,0,0,0,Higher,0.989302998,2.239962463,5,3.206149133,5,,
7,3,4,7,3,4,5,7,5,2014,Completed,2,34,12,15,12,20,6,1994,19,Yes,Secondary,25,At least once a week,Not at all,Almost every day,Yes,Yes,At least once a week,Yes,Yes,Almost every day,Yes,Yes,Almost every day,No,,,,,,,,No,,,0,,,,,No,No,No,No,No,Yes,"No, not in union",,,No,,,,,17,Yes,Months ago,3,Yes,Girlfriend,No,,,,,3,Yes,Yes,No,Yes,No,No,Yes,Yes,Yes,Yes,Yes,DK / Not sure / Depends,Yes,Yes,No,,,No,,,,No,,,,,No,,,,,,,,,No,,,,,,,Yes,17,0,,,,,,,,,,,,,,Urban,Bulawayo,1373,1134,15-19,,,,Never married/in union,0,0,0,Secondary,0.989302998,2.239962463,5,3.206149133,5,,
7,5,2,7,5,2,5,4,4,2014,Completed,2,34,9,14,9,20,12,1986,27,Yes,Higher,31,At least once a week,Almost every day,Almost every day,Yes,Yes,Almost every day,Yes,Yes,Almost every day,Yes,Yes,Almost every day,No,,,,,,,,No,,,0,,,,,No,No,No,No,No,No,"No, not in union",,,No,,,,,0,,,,,,,,,,,,Yes,Yes,No,Yes,No,No,Yes,Yes,Yes,Yes,Yes,Yes,Yes,Yes,No,,,No,,,,No,,,,,No,,,,,,,,,No,,,,,,,Yes,17,0,,,,,,,,,,,,,,Urban,Bulawayo,1372,1044,25-29,,,,Never married/in union,0,0,0,Higher,0.989302998,1.685350427,5,1.52076613,5,,
7,5,4,7,5,4,5,13,4,2014,Completed,2,34,9,30,9,43,9,1996,17,Yes,Secondary,25,Less than once a week,Not at all,At least once a week,Yes,Yes,Almost every day,Yes,Yes,Almost every day,Yes,Yes,Almost every day,No,,,,,,,,No,,,0,,,,,No,No,No,No,No,No,"No, not in union",,,No,,,,,0,,,,,,,,,,,,Yes,Yes,No,Yes,No,No,Yes,DK,Yes,DK,Yes,Yes,No,Yes,No,,,No,,,,No,,,,,No,,,,,,,,,No,,,,,,,No,,,,,,,,,,,,,,,,Urban,Bulawayo,1372,1161,15-19,,,,Never married/in union,0,0,0,Secondary,0.989302998,1.685350427,5,1.52076613,5,,
7,6,3,7,6,3,11,6,4,2014,Completed,2,34,18,22,18,30,7,1997,16,Yes,Secondary,23,Less than once a week,Not at all,Less than once a week,Yes,Yes,Almost every day,Yes,Yes,Less than once a week,Yes,Yes,At least once a week,No,,,,,,,,No,,,0,,,,,No,No,No,No,No,Yes,"No, not in union",,,No,,,,,0,,,,,,,,,,,,Yes,Yes,No,Yes,No,No,Yes,Yes,Yes,Yes,Yes,Yes,No,Yes,Yes,Less than 12 months ago,No,No,,,,No,,,,,No,,,,,,,,,No,,,,,,,No,,,,,,,,,,,,,,,,Urban,Bulawayo,1372,1171,15-19,,,,Never married/in union,0,0,0,Secondary,0.989302998,2.257264204,5,3.258726534,5,,
7,9,1,7,9,1,11,4,4,2014,Completed,2,34,10,12,10,26,4,1961,53,Yes,Primary,17,Less than once a week,Almost every day,Not at all,No,,,No,,,Yes,Yes,Almost every day,Yes,25,No,,,Yes,2,1,No,,,3,No,2,12,1993,No,No,No,No,No,No,"Yes, living with a women",No (Only one),,,,98,1981,,17,No,Months ago,1,No,Cohabiting partner,No,,,,,6,Yes,Yes,No,Yes,No,No,Yes,Yes,Yes,Yes,Yes,Yes,No,Yes,Yes,Less than 12 months ago,Yes,No,,,,No,,,,,No,,,,,,,,,No,,,,,,,Yes,23,1,2,,,,,,,,,,,,,Urban,Bulawayo,1372,736,50-54,979,20,,Currently married/in union,3,3,0,Primary,0.989302998,1.233897979,5,0.14886968,3,,
7,12,1,7,12,1,13,9,4,2014,Completed,2,34,16,31,16,45,10,1975,38,Yes,Higher,31,Almost every day,Almost every day,Almost every day,Yes,Yes,Almost every day,Yes,Yes,Almost every day,Yes,Yes,Almost every day,Yes,30,Yes,0,3,No,,,No,,,3,Yes,,9,2013,No,No,No,No,No,No,"Yes, currently married",No (Only one),,,,10,2001,,21,No,Days ago,0,No,Wife,No,,,,,6,Yes,Yes,No,Yes,No,No,Yes,Yes,Yes,Yes,Yes,Yes,Yes,Yes,No,,,Yes,2,Traditional practitioner/family/friend,Ritual site,No,,,,,No,,,,,,,,,No,,,,,,,Yes,0,,,,,,,,,,,,,,,Urban,Bulawayo,1372,910,35-39,1222,26,,Currently married/in union,3,3,0,Higher,0.989302998,1.47116021,5,0.869874104,4,,
7,14,1,7,14,1,13,4,4,2014,Completed,2,34,16,30,16,40,5,1992,21,Yes,Higher,30,At least once a week,Almost every day,Almost every day,Yes,Yes,At least once a week,Yes,Yes,Almost every day,Yes,Yes,Almost every day,No,,,,,,,,No,,,0,,,,,No,No,No,No,No,No,"No, not in union",,,No,,,,,15,Yes,Months ago,2,Yes,Casual acquaintance,No,,,,,3,Yes,Yes,No,Yes,No,No,Yes,Yes,Yes,DK,Yes,Yes,No,Yes,No,,,Yes,5,Traditional practitioner/family/friend,Health facility,Yes,13,No,,,No,,,,,,,,,No,,,,,,,Yes,13,1,3,,,,,,,,,,,,,Urban,Bulawayo,1372,1109,20-24,,,,Never married/in union,0,0,0,Higher,0.989302998,1.31292775,5,0.389029332,4,,
7,14,2,7,14,2,7,4,4,2014,Completed,2,34,16,32,16,40,12,1994,19,Yes,Higher,30,At least once a week,At least once a week,Almost every day,Yes,Yes,Almost every day,Yes,Yes,Almost every day,Yes,Yes,Almost every day,No,,,,,,,,No,,,0,,,,,No,No,No,No,No,No,"No, not in union",,,No,,,,,16,Yes,Weeks ago,3,Yes,Girlfriend,Yes,Yes,Casual acquaintance,No,,4,Yes,Yes,No,Yes,No,No,Yes,Yes,Yes,Yes,Yes,Yes,Yes,Yes,Yes,12-23 months ago,Yes,Yes,16,Health worker/Professional,Health facility,No,,,,,No,,,,,,,,,No,,,,,,,Yes,17,1,3,,,,,,,,,,,,,Urban,Bulawayo,1372,1140,15-19,,,,Never married/in union,0,0,0,Higher,0.989302998,1.31292775,5,0.389029332,4,,
7,15,1,7,15,1,13,4,4,2014,Completed,2,34,9,54,10,6,12,1971,42,Yes,Higher,30,Almost every day,Not at all,Almost every day,Yes,Yes,Almost every day,Yes,Yes,Almost every day,Yes,Yes,Almost every day,Yes,25,Yes,2,0,No,,,No,,,2,Yes,,5,2003,No,No,No,No,No,No,"Yes, currently married",No (Only one),,,,98,1996,,18,No,Days ago,2,No,Wife,No,,,,,6,Yes,Yes,No,Yes,No,No,Yes,Yes,Yes,Yes,Yes,No,No,Yes,Yes,2 or more years ago,Yes,No,,,,No,,,,,No,,,,,,,,,No,,,,,,,No,,,,,,,,,,,,,,,,Urban,Bulawayo,1372,864,40-44,1157,24,,Currently married/in union,2,2,0,Higher,0.989302998,1.981019448,5,2.419260049,5,,
7,15,3,7,15,3,13,4,4,2014,Completed,2,34,15,25,15,32,8,1997,16,Yes,Secondary,23,Almost every day,Almost every day,Almost every day,Yes,Yes,Almost every day,Yes,Yes,Almost every day,Yes,Yes,Almost every day,No,,,,,,,,No,,,0,,,,,No,No,No,No,No,No,"No, not in union",,,No,,,,,0,,,,,,,,,,,,Yes,Yes,No,Yes,No,No,Yes,Yes,Yes,DK,Yes,Yes,No,Yes,No,,,No,,,,No,,,,,No,,,,,,,,,No,,,,,,,Yes,0,,,,,,,,,,,,,,,Urban,Bulawayo,1372,1172,15-19,,,,Never married/in union,0,0,0,Secondary,0.989302998,1.981019448,5,2.419260049,5,,
7,17,2,7,17,2,13,6,4,2014,Completed,2,34,18,6,18,15,12,1985,28,Yes,Higher,31,Almost every day,Less than once a week,Almost every day,Yes,Yes,Almost every day,Yes,Yes,Almost every day,Yes,Yes,Almost every day,No,,,,,,,,No,,,0,,,,,No,No,No,Yes,No,Yes,"Yes, currently married",No (Only one),,,,10,2013,,17,Yes,Days ago,3,No,Wife,No,,,,,5,Yes,Yes,No,Yes,No,No,Yes,No,Yes,Yes,Yes,Yes,No,Yes,Yes,Less than 12 months ago,Yes,No,,,,Yes,19,No,,,No,,,,,,,,,No,,,,,,,Yes,18,2,6,,,,,,,,,,,,,Urban,Bulawayo,1372,1032,25-29,1366,27,,Currently married/in union,0,0,0,Higher,0.989302998,1.722785043,5,1.634524326,5,,
7,18,1,7,18,1,7,4,4,2014,Completed,2,34,17,0,17,23,1,1990,24,Yes,Secondary,24,Less than once a week,Less than once a week,Less than once a week,No,,,No,,,Yes,Yes,Almost every day,Yes,23,Yes,0,1,No,,,No,,,1,Yes,,12,2012,No,No,No,No,No,Yes,"Yes, currently married",No (Only one),,,,12,2013,,20,Yes,Days ago,2,No,Wife,No,,,,,2,Yes,Yes,No,Yes,Yes,No,Yes,Yes,Yes,Yes,Yes,Yes,No,Yes,No,,,No,,,,No,,,,,No,,,,,,,,,No,,,,,,,Yes,0,,,,,,,,,,,,,,,Urban,Bulawayo,1372,1081,20-24,1368,23,,Currently married/in union,1,1,0,Secondary,0.989302998,0.671458147,4,-1.560300824,1,,
7,20,2,7,20,2,7,6,4,2014,Completed,2,34,17,15,17,40,11,1985,28,Yes,Higher,31,Almost every day,Not at all,At least once a week,Yes,Yes,Almost every day,Yes,Yes,Almost every day,Yes,Yes,Almost every day,No,,,,,,,,No,,,0,,,,,No,No,No,No,No,No,"No, not in union",,,No,,,,,11,No,Days ago,0,No,Girlfriend,Yes,No,Casual acquaintance,Yes,20,95,Yes,Yes,No,Yes,No,No,Yes,Yes,Yes,Yes,Yes,Yes,No,Yes,Yes,Less than 12 months ago,Yes,Yes,24,Health worker/Professional,Health facility,Yes,17,No,,,Yes,Yes,Cigars,,,,,Other,10,No,,,,,,,Yes,10,30,7,,,,,,,,,,,,,Urban,Bulawayo,1372,1031,25-29,,,,Never married/in union,0,0,0,Higher,0.989302998,1.639897194,5,1.382640553,5,,
7,20,3,7,20,3,7,6,4,2014,Completed,2,34,17,2,17,13,8,1998,15,Yes,Secondary,23,Less than once a week,Less than once a week,Almost every day,Yes,Yes,At least once a week,Yes,Yes,Almost every day,Yes,Yes,Almost every day,No,,,,,,,,No,,,0,,,,,No,No,No,No,No,No,"No, not in union",,,No,,,,,0,,,,,,,,,,,,Yes,Yes,No,Yes,No,No,Yes,Yes,Yes,Yes,Yes,Yes,Yes,Yes,No,,,No,,,,Yes,10,No,,,Yes,No,,,,,,,,No,,,,,,,Yes,12,0,,,,,,,,,,,,,,Urban,Bulawayo,1372,1184,15-19,,,,Never married/in union,0,0,0,Secondary,0.989302998,1.639897194,5,1.382640553,5,,
7,23,1,7,23,1,14,6,4,2014,Completed,2,34,18,2,18,11,11,1967,46,Yes,Higher,31,Almost every day,Not at all,Almost every day,Yes,Yes,Almost every day,Yes,Yes,Almost every day,Yes,Yes,Almost every day,Yes,33,Yes,0,3,No,,,No,,,3,Yes,,11,2003,No,No,No,No,No,No,"Yes, currently married",No (Only one),,,,8,1999,,95,No,Special,99,Missing,Missing,No,,,,,1,Yes,Yes,No,Yes,DK,No,Yes,Yes,Yes,Yes,Yes,No,Yes,Yes,Yes,Less than 12 months ago,Yes,No,,,,No,,,,,No,,,,,,,,,No,,,,,,,No,,,,,,,,,,,,,,,,Urban,Bulawayo,1372,815,45-49,1196,31,,Currently married/in union,3,3,0,Higher,0.989302998,1.941256315,5,2.298425837,5,,
