Priscilla Arnold,Nephrologist,"326 Willow Street Rowlett, TX 75088",Trainee,_Nephrology
Jenna Floyd,Nephrologist,"68 Spring Street Marysville, OH 43040",Permanent,_Nephrology
Ollie Holloway,Nephrologist,"50 Water Street Gulfport, MS 39503",Visiting,_Nephrology
Dennis Young,Nephrologist,"986 Lexington Court Tacoma, WA 98444",Permanent,_Nephrology
Marlon Carpenter,Microbiologist,"146 Route 9 Media, PA 19063",Permanent,_Microbiology
Clayton Lynch,Microbiologist,"769 Sycamore Street Niles, MI 49120",Visiting,_Microbiology
Barbara Scott,Microbiologist,"621 Ridge Avenue Elkhart, IN 46514",Permanent,_Microbiology
Joe Powell,Oncologist,"230 Durham Road Allentown, PA 18102",Permanent,_Oncology
Anne Griffin,Oncologist,"755 Front Street South Vincentown, NJ 08088",Trainee,_Oncology
Frank Murphy,Oncologist,"15 College Avenue Great Falls, MT 59404",Permanent,_Oncology
Brandon Smith,Oncologist,"309 Aspen Drive West Roxbury, MA 02132",Permanent,_Oncology
Fred Hill,Cardiologist,"374 Westminster Drive Florence, SC 29501",Permanent,_Cardiology
Terry Thomas,Cardiologist,"418 Belmont Avenue Canyon Country, CA 91387",Trainee,_Cardiology
Louise Garcia,Cardiologist,"900 York Road Newark, NJ 07103",Visiting,_Cardiology
Gary Patterson,Cardiologist,"924 2nd Street New Castle, PA 16101",Permanent,_Cardiology
Samuel Gonzalez,Surgerist,"79 North Street Mishawaka, IN 46544",Permanent,_General_Surgery
Phillip Nelson,Surgerist,"973 Manor Drive Mcdonough, GA 30252",Permanent,_General_Surgery
Kathleen Perry,General Doctor,"830 Ashley Court Evansville, IN 47711",Permanent,_Walk_in_Clinic
Janice Williams,General Doctor,"577 13th Street Chesterfield, VA 23832",Permanent,_Walk_in_Clinic
Evelyn Cooper,General Doctor,"311 Route 44 Stamford, CT 06902",Trainee,_Walk_in_Clinic
Roy Johnson,General Doctor,"355 Cambridge Road Havertown, PA 19083",Permanent,_Walk_in_Clinic
